"0","options(repos = c(CRAN = ""https://cloud.r-project.org""))"
"0","install.packages(""car"")"
"1","Error in "
"1",""
"1","install.packages"
"1",""
"1"," : "
"1",""
"1","Updating loaded packages"
"1",""
"1","
"
"0","install.packages(""sandwich"")"
"1","Error in "
"1",""
"1","install.packages"
"1",""
"1"," : "
"1",""
"1","Updating loaded packages"
"1",""
"1","
"
"0","library(car)"
"0","library(sandwich)"
"0","# Obtain White's heteroskedasticity-consistent covariance matrix"
"0","vcov_white <- hccm(model, type = ""hc0"")"
"0",""
"0","# Extract the standard error of beta2 from the White's covariance matrix"
"0","se_beta2_white <- sqrt(vcov_white[2, 2])"
"0",""
"0","cat(""Standard Error of beta2 (White):"", se_beta2_white, ""\n"")"
"1","Standard Error of beta2 (White):"
"1"," "
"1","0.4529172"
"1"," "
"1","
"
